ID,price
0,4533.8
2,62908.47
14,17098.86
15,15172.7
18,18078.11
20,27629.3
23,22764.89
27,19620.53
29,18464.03
30,31014.25
31,36634.62
41,32622.77
42,31160.77
49,3895.23
51,14315.06
52,6108.14
53,17785.11
56,6329.11
59,13904.71
61,6485.36
69,25896.53
71,6469.57
73,44677.14
76,5033.58
77,19067.54
80,50371.11
84,17936.21
88,19061.2
95,18167.26
96,36901.26
105,29816.19
109,20255.77
113,39060.35
114,23185.44
124,21076.77
127,19917.71
131,21371.4
132,16576.48
143,17698.36
144,23041.95
148,19481.14
149,29606.14
152,16427.57
155,27050.7
156,23628.91
160,33922.1
163,14960.53
164,20084.69
168,16589.93
172,16109.76
173,28847.4
174,9514.14
176,20200.15
178,12871.85
180,28833.1
182,31544.49
183,33622.18
184,27529.17
189,27631.29
193,19893.56
198,30724.21
199,22338.81
204,17666.65
208,20925.45
213,20031.37
235,26297.17
241,14988.34
243,15901.87
245,20190.03
247,17434.9
257,26245.56
258,50972.5
261,23859.03
264,20763.48
265,21633.95
266,22975.87
269,12429.21
271,28523.66
277,21598.75
281,28702.51
284,28934.35
294,23276.74
295,44619.14
310,22629.25
312,20293.19
315,19956.68
317,18368.42
319,15266.98
327,36485.56
328,17633.21
336,27103.49
339,31539.59
350,18124.03
355,27153.1
356,14151.163333333332
360,24156.07
369,17192.81
371,20036.88
373,23507.776666666665
375,25562.89
379,57149.68
380,31939.73833333333
381,27537.49
390,52199.28
400,29088.36
402,22682.76
409,30417.84
424,15034.39
425,14131.68
426,20686.35
429,22375.23
431,34416.53
439,14502.44
441,28675.213333333333
449,13276.93
455,17885.69
461,21349.09
463,15817.53
467,19096.21
472,30728.58
474,22172.7
483,17019.96
488,23489.69
489,26465.02
491,13745.01
493,19948.02
497,22518.7
499,28086.61
504,15560.95
505,15492.2
511,17081.28
514,17559.74
515,22775.49
519,13938.41
521,17556.04
523,9883.53
528,15969.65
531,11832.06
532,23335.4
540,24268.15
542,22610.36
549,28080.61
562,22208.93
578,19523.93
581,17451.03
583,22022.51
585,19764.65
590,31519.58
591,28520.88
601,21391.55
603,25507.74
609,22331.96
614,37788.13
621,31146.53
624,30933.55
631,19678.89
633,34395.93
640,40964.76
641,35792.77
648,11220.55
653,15233.74
656,22623.94
658,22833.43
668,19917.71
670,20441.49
677,17136.65
681,16775.27
688,25762.33
690,36109.68
692,37222.21
696,25845.1
699,30831.14
707,20456.34
708,22143.03
715,32904.44
720,28905.21
721,18430.87
722,19094.14
723,14656.89
731,16721.06
732,12963.99
737,15056.53
738,19761.54
740,26554.05
742,22426.57
743,10850.21
744,14681.02
746,27765.51
752,15555.64
753,51790.07
760,25367.0
762,13296.416666666664
765,28995.36
775,24375.00333333333
780,13470.33
782,21066.16
786,18803.52
798,24780.05
805,14959.23
807,26927.1
809,11426.41
811,21679.44
812,20028.8
814,20381.79
815,41225.55
816,18418.47
818,19908.22
828,20214.2
831,22232.53
832,14635.66
833,31622.75
835,14574.26
843,23914.66
848,18938.1
853,19346.78
855,21831.05
860,16014.3
864,49104.69
866,14959.9
868,20278.47
869,20523.11
873,28608.25
877,21345.63
878,22695.63
886,19978.91
888,26106.89
889,18811.42
890,32701.65
896,20968.29
905,18657.84
908,20569.52
914,16267.89
915,11595.92
917,11999.59
920,19378.53
928,21233.58
930,30641.56
935,9178.57
937,14060.94
944,16700.73
947,37282.6
948,22231.66
952,13066.73
969,53570.27
971,25528.09
972,31287.33
979,27894.88
991,21176.07
992,22850.73
999,18458.36
1000,18499.66
1001,18768.19
1003,18626.72
1018,13551.26
1022,44745.2
1025,16130.16
1031,20991.78
1032,14944.96
1033,46503.12
1046,18208.14
1048,27855.27
1052,15330.26
1053,16329.56
1057,14464.8
1058,18747.03
1059,28779.81
1067,20269.8
1068,26769.78
1069,20493.52
1076,20480.83
1082,28430.47
1088,29606.31
1092,20031.37
1093,31131.57
1096,14932.67
1106,26941.06
1110,16759.83
1112,20306.71
1116,32037.09
1118,45286.21
1119,19062.89
1133,29311.71
1136,17807.55
1150,16675.03
1157,17288.86
1164,20344.14
1166,26454.89
1174,21686.57
1180,19817.45
1181,22818.71
1182,13225.51
1184,18221.44
1187,21412.74
1188,17247.47
1191,21674.02
1192,47631.1
1194,32142.81
1199,39613.93
1200,21962.17
1203,44619.14
1205,24805.7
1207,24612.21
1209,16108.31
1210,22010.92
1212,19635.03
1214,23805.04
1222,56263.45
1223,28498.68
1226,27474.98
1229,17232.11
1239,31138.74
1243,15867.17
1244,23315.59
1252,22519.01
1254,22361.89
1257,16479.41
1258,16365.93
1259,25616.76
1274,26437.45
1275,18903.59
1276,42114.86
1280,31000.6
1285,60645.73
1286,18703.37
1290,20250.05
1294,21018.51
1306,19607.73
1311,16195.69
1314,22226.47
1318,12326.58
1319,16776.49
1320,23519.83
1323,19659.85
1327,36161.49
1337,16327.56
1339,35776.79
1340,27872.28
1341,20381.57
1343,19201.0
1346,23523.01
1348,56442.26
1349,20711.43
1353,19727.72
1354,27963.36
1359,19273.91
1363,27513.55
1367,14892.4
1368,11023.44
1369,20616.76
1372,46192.52
1376,17176.34
1378,22049.403333333332
1389,12787.34
1391,19520.25
1397,15132.95
1400,28521.9
1402,17873.53
1405,27940.67
1411,14457.003333333334
1425,26083.78
1430,27751.19
1439,43062.17
1440,25621.80333333333
1442,19179.84
1445,21412.31
1449,16255.5
1455,20053.0
1460,24250.98
1464,27123.57
1469,36594.24333333333
1471,36333.85
1472,27249.0
1474,15150.94
1478,15867.64
1479,20010.88
1481,20544.58
1485,16940.61
1486,19570.9
1487,25937.71
1489,16321.93
1491,20523.57
1492,29845.67
1493,16592.86
1496,24690.19
1500,21438.18
1514,17142.92
1517,22573.6
1527,22747.34
1529,21636.19
1530,17832.75
1531,13942.0
1538,20191.3
1547,36320.54
1551,17987.28
1553,12497.78
1567,19800.86
1568,14615.99
1575,18320.77
1580,13948.08
1582,15816.85
1585,28106.87
1588,22824.4
1590,15109.89
1591,18585.660000000003
1593,13174.96
1594,16697.58
1605,21199.3
1607,14605.08
1609,17578.45
1611,13338.35
1612,9913.26
1617,17213.95
1618,11789.76
1623,22231.48
1629,28301.38
1632,22891.97
1639,11663.36
1640,27036.42
1643,14382.15
1645,17342.69
1656,21356.91
1659,27789.88
1663,20281.29
1667,17068.27
1677,22565.13
1679,40021.26
1688,35129.18666666666
1693,18642.24
1694,39011.9
1695,22178.59
1696,37809.74
1698,18245.09
1699,18250.21
1704,20164.7
1706,21467.45
1713,25053.92
1722,34027.07
1726,25080.336329882677
1733,26290.11
1741,20051.85
1744,49137.55
1754,15198.83
1763,10568.29
1767,18529.8
1769,15456.89
1775,16462.9
1778,19327.37
1779,16749.94
1780,19623.73
1781,30237.31
1786,13173.02
1795,16729.8
1798,19611.87
1799,37122.64666666667
1801,21176.56
1803,14366.73
1805,21467.96
1808,16103.57
1811,12406.59
1816,14853.5
1824,19410.04
1834,16039.23
1838,20189.08
1841,19859.56
1843,22438.07
1844,16493.78
1846,27877.96
1863,34388.91
1864,15584.0
1867,18019.92
1870,19685.38
1871,16405.52
1872,18357.37
1876,19527.19
1880,18814.52
1887,18553.23
1888,18907.23
1895,24424.15
1901,22637.63
1908,32903.98
1920,17497.21
1923,38130.19
1934,9923.25
1940,29831.26
1943,44949.06
1948,26510.32904761905
1952,19915.18
1957,21185.676
1965,19766.13
1968,17704.75
1969,19219.38
1976,27481.71
1979,23627.48
1980,82367.28
1982,23761.35
1983,29272.81
1996,30999.11
1997,28900.53
2002,27417.1
2003,18668.77
2013,27956.88
2020,21518.81
2026,22135.25
2033,43685.08
2035,20388.12
2044,18082.26
2047,26441.41
2055,32616.12
2058,20379.67
2059,36274.14
2062,40347.44
2071,15565.46
2074,20379.29
2077,21345.6
2085,38023.32
2086,35729.01333333333
2091,19888.24
2092,62255.73
2100,15635.02
2109,22570.32
2110,20290.63
2111,19808.32
2121,9318.23
2125,20757.34
2129,31430.36
2137,21099.36
2148,21045.61
2152,21433.37
2153,20609.79
2154,20033.35
2160,22289.63
2163,20575.61
2170,47324.49
2171,18389.45
2172,30467.07
2173,14595.37
2177,34764.22
2178,12091.94
2180,36661.99
2184,18924.25
2189,18747.79
2191,20694.41
2199,11828.29
2203,21349.77
2211,17188.86
2214,25675.62
2219,21568.46333333333
2222,25001.69
2224,12643.6
2225,18057.69
2238,22449.19
2240,50868.41
2244,18595.79
2250,17004.76
2251,28515.69
2258,25434.75
2259,20174.93
2260,27778.28
2267,18127.89
2269,10448.82
2276,27945.73
2278,49754.79
2280,36668.67
2281,26078.053333333333
2283,25851.62666666667
2288,18578.64
2291,43668.19
2297,19212.49
2299,16901.38
2301,14521.13
2302,16525.9
2306,20873.0
2310,17284.4
2317,27367.62
2322,14854.17
2323,19194.08
2324,41809.87
2329,38757.08
2337,19873.84
2357,18617.01
2368,15389.5
2371,16364.25
2380,18998.35
2381,16215.38
2383,18516.39
2384,19586.46
2386,16214.16
2395,19457.62
2396,19227.53
2409,23172.39
2412,18483.43
2424,18368.15
2428,30251.118888888894
2431,31354.22
2433,40747.86
2436,18206.56
2439,23126.37
2446,27903.45
2449,29736.61
2454,15577.84
2460,28315.28
2464,31816.94
2466,34651.08
2467,53290.18
2468,32566.67
2476,19428.83
2484,23955.2
2485,17235.38
2486,52392.2
2493,28238.07
2494,27348.18
2496,17025.0
2499,55864.83
2502,31015.39
2503,27775.71
2504,25525.36
2507,20070.38
2508,16994.72
2509,17673.76
2511,11971.95
2516,21733.63
2518,51753.71
2521,27638.46
2522,26236.94
2526,12179.6
2542,26806.49
2547,23579.97
2551,21168.67
2559,19559.61
2561,30043.86
2566,15953.52
2592,25238.29
2599,26010.79
2602,34380.24
2604,25589.65
2607,46375.23
2609,30035.59
2614,22970.22
2622,52636.88
2626,20055.91
2628,28258.47
2629,120675.34
2630,38720.89
2631,37318.82
2633,24074.88
2638,28363.54
2642,55324.12
2648,41882.46
2658,26400.78
2662,13833.06
2668,19136.36
2669,17726.77
2679,15968.77
2681,17196.14
2683,25875.26
2686,26867.05
2691,12682.1
2693,42446.07
2709,30193.64
2713,12311.97
2715,19730.95
2716,15152.12
2725,13057.14
2727,31095.54420634921
2737,31644.14
2744,11636.36
2747,19964.18
2757,20622.19
2759,25969.77666666667
2760,17625.39
2766,40106.17
2771,21884.53
2777,22201.0
2778,17615.95
2782,23442.08
2786,20244.53
2789,26727.4
2791,18000.84
2792,18621.57
2798,40370.78
2799,31411.5
2806,36232.81
2808,18000.53
2810,50946.1
2816,21560.54
2817,16810.54
2818,14180.34
2824,16291.82
2825,46286.77
2826,22738.47
2829,37666.77
2830,18701.24
2832,20481.89
2834,31331.38
2841,18222.44
2843,15562.94
2848,13556.24
2853,34100.58
2859,14940.98
2876,22908.96
2877,21993.25
2884,24343.18
2891,29125.72333333333
2892,22250.02
2895,25320.154547619048
2898,16146.18
2904,31864.46
2906,32942.15666666666
2920,23719.366666666665
2923,25061.92
2926,20889.5
2931,19526.68
2944,27712.738333333335
2952,50319.89
2953,44271.54
2955,49895.3
2960,27543.42
2962,27543.42
2964,41425.92999999999
2974,36697.85
2986,25316.03
2994,28779.26
2995,28810.07
3002,24532.76
3007,27528.1
3008,16379.82
3009,26262.757
3020,30352.38
3025,33819.43
3030,24250.98
3031,19647.09
3033,26809.1
3034,33186.29
3036,22237.44
3045,29740.25
3047,31771.71
3049,18932.47
3054,20130.12
3056,64399.61
3061,36058.96
3062,40077.69
3070,16749.84
3082,41199.85
3083,26704.77
3089,22065.04
3093,32339.973333333335
3094,41117.78
3098,24167.86
3102,33186.09
3103,58047.8
3106,21006.63
3110,36058.96
3114,18091.55
3115,28983.57
3117,30232.38
3118,21827.55
3120,30143.67
3122,18755.14
3124,28606.98
3129,33028.07
3130,23771.89
3131,24726.89
3133,23775.43
3136,29969.8
3138,32268.61
3139,22000.6
3141,27782.45
3148,23239.5
3149,65224.88
3150,38193.1
3151,40335.0875
3156,25493.08
3159,23453.46
3161,29341.67
3164,21398.41
3166,27788.32
3170,23455.53
3173,30340.64
3175,26382.01
3182,41783.92
3184,24567.65
3199,25596.47
3200,23979.6
3212,30043.86
3214,22425.89
3217,40122.47
3221,27885.023333333334
3222,43335.66
3226,23703.41
3235,12528.77
3236,18057.71
3241,11765.79
3250,14237.57
3252,15804.11
3254,13235.91
3255,15025.61
3256,13028.47
3266,21219.8
3270,19079.46
3278,24585.03
3279,14272.51
3294,9397.33
3297,28339.87
3299,15399.5
3302,11814.46
3303,17124.79
3306,62441.72
3311,67732.74
3314,37551.7
3319,48087.89
3320,31461.73
3324,25224.68
3326,49109.94
3328,24159.64
3333,20189.9
3337,24686.59
3340,29680.47
3345,17301.64
3346,19135.47
3348,31766.03333333333
3352,31286.734545454547
3355,23374.76
3356,29443.14
3360,20860.35
3362,10908.61
3365,33748.03
3366,18483.18
3367,27229.99
3378,57330.26
3386,58691.74
3387,27272.14333333333
3395,19505.89
3403,24713.81
3410,39027.66
3412,18335.42
3413,12249.86
3425,15897.22
3428,18702.19
3429,22500.21
3430,19887.2
3434,30812.88
3437,19709.78
3441,20470.47
3445,22371.19
3446,21573.84
3452,18018.07
3454,41056.85333333333
3457,16845.75
3460,18085.09
3462,46816.37
3466,25037.22
3468,22898.52
3478,31101.0
3482,32105.73
3487,20127.71
3494,15775.38
3495,10363.072333333335
3503,17624.25
3515,42936.65
3517,40434.5675
3519,26470.1
3524,14620.94
3528,13760.97
3535,34622.35
3536,27762.02
3537,26396.31
3539,15586.15
3541,17830.49
3542,19330.09
3545,20311.12
3546,16013.87
3547,18255.9
3548,20697.35
3549,32547.91
3557,29498.03
3559,18303.85
3561,20213.83
3562,18012.42
3567,19224.64
3569,19749.45
3572,29277.73
3573,29415.37
3575,29604.98
3580,20214.81
3586,17452.27
3591,58503.18
3596,24753.05
3598,21500.2
3602,39043.6
3605,21669.77666666667
3606,20414.61
3613,27711.46
3615,31893.67
3617,15611.79
3620,31423.51
3621,32670.67
3629,18533.05
3634,24014.87
3637,31522.04
3638,46077.04
3640,22144.57
3647,23395.79
3651,18685.37
3653,26721.55
3654,29171.33
3664,28075.53
3673,16176.92
3681,22635.885
3684,26839.35
3685,13619.13
3699,24865.73
3700,16860.46
3702,19601.16
3711,22766.85
3717,19865.66
3718,22043.96
3719,20716.96
3726,31665.93
3734,16328.93
3742,31239.50114285714
3744,16710.6
3752,18917.5
3758,19453.86
3760,35134.19
3763,24236.44
3776,21781.75
3781,14750.92
3795,24712.99
3797,22226.47
3799,22048.31
3800,11690.01
3820,18682.94
3825,23104.68
3827,21530.8
3837,25884.34
3838,31061.55
3843,13797.836666666664
3845,27144.37
3848,25921.944
3852,21963.66
3855,20665.8
3863,48894.06
3870,19190.81
3873,16178.74
3874,31806.89
3877,26678.81
3879,12363.94
3884,34327.69
3885,31698.24
3889,13077.51
3890,22748.97
3902,46040.38
3910,19056.69
3912,30662.69
3918,16258.83
3927,17786.16
3930,35135.71
3932,13070.57
3947,25763.01
3950,25919.83
3959,26098.99
3962,16059.8
3965,25905.0
3966,19496.76
3967,31287.33
3968,31391.71
3970,31228.31
3976,29108.21
3981,12748.19
3994,14663.57
3995,23183.96
3997,18375.97
4000,16597.52
4001,15761.72
4004,43708.8
4005,39687.986666666664
4010,25540.68
4011,26070.12
4020,19015.2
4024,17787.73
4025,26021.09
4031,17171.38
4037,25322.6
4039,13928.97
4041,28275.38
4042,26606.816666666666
4043,28218.21
4047,26379.18
4054,29252.52
4055,39797.76
4056,44819.71
4059,22258.91356976357
4062,59850.35
4064,37808.77
4070,63019.37
4074,37319.28
4081,25631.37
4085,18991.37
4091,31219.932106782115
4094,129065.42
4101,38174.05
4105,25616.76
4110,26475.09
4118,18448.22
4123,12256.91
4129,18334.9
4131,15416.31
4132,21222.41
4134,21017.09
4138,20965.26
4149,9223.51
4155,22571.64
4160,18774.08
4162,16349.04
4163,14597.438333333335
4174,15035.26
4176,18493.87
4183,18179.35
4187,35173.56
4191,41792.09
4196,15566.7
4199,16319.86
4201,28988.3
4208,43025.97
4212,48135.72
4213,46658.26
4225,20971.59
4231,27830.45
4242,22282.88
4251,27382.26
4254,37093.00666666667
4255,42691.92
4256,14651.4
4259,29169.89
4262,18558.65
4263,36582.22
4275,23090.39
4279,28412.66
4293,28687.58
4294,30971.21
4303,23177.62
4308,28180.87
4310,42527.6
4319,13680.43
4321,20992.16
4333,21990.37
4334,13142.21
4336,16241.06
4338,24799.75
4340,18984.22
4343,20353.6
4345,15957.05
4348,20080.65
4349,31238.26
4366,30600.81
4372,33748.85
4373,35917.25
4377,16248.32
4378,18332.91
4384,31541.2
4392,31132.83
4394,18251.76
4401,15129.5
4404,31790.12
4407,23159.16
4408,29236.11
4409,30877.68
4415,24946.516666666666
4416,29815.43
4418,17726.76
4419,28149.58
4420,34770.85
4430,70564.47
4433,29363.42
4438,33912.18
4439,17299.37
4440,24692.38
4443,17278.47
4449,37120.72
4450,19685.09
4454,19190.31
4456,26378.57
4457,23140.97
4459,36535.95
4466,24605.93
4470,25692.77
4472,13413.89
4475,18703.37
4480,30220.79
4483,23987.34
4491,26139.8
4501,27676.22
4505,26713.43
4508,13907.41
4509,16293.0
4526,23575.18
4529,13736.64
4533,41366.56
4541,34894.81
4547,29860.9088095238
4550,41939.36
4559,26805.59
4561,53551.3
4562,23126.8525
4564,24212.3
4565,25879.745
4568,26074.18
4570,23244.319333333333
4573,22445.91
4574,17952.22
4578,20842.46
4588,24722.29
4595,26132.823333333334
4596,24568.92666666667
4601,21281.74
4602,22317.89
4603,43441.89
4605,29288.98
4608,40990.47
4609,51630.11
4616,20048.26
4618,25873.12
4619,26132.823333333334
4632,14897.91
4633,11786.17
4635,13715.28
4639,13479.11
4644,22396.69
4664,23932.94
4665,18591.37
4666,15825.75
4671,21570.17
4672,28400.41
4676,23040.42
4680,47986.41
4686,49875.92
4690,47246.68
4692,17311.11
4693,18737.53
4700,16358.78
4707,24141.99
4710,20347.11
4711,17866.94
4713,22866.82
4715,13937.406666666666
4716,27723.55
4718,19664.28
4720,29233.35
4723,17513.16
4725,22567.77
4731,29594.37
4734,30820.57
4735,31570.34
4742,17124.86
4743,16379.64
4745,18381.2
4750,23106.65
4752,18035.38
4753,15714.34
4756,32517.69
4763,21952.48
4764,17268.51
4773,35918.596666666665
4775,30328.6
4776,25631.37
4780,18084.74
4782,43709.87
4787,46139.1
4788,22021.67
4790,24502.91
4791,21716.48
4795,18745.21
4808,27192.59
4810,25692.77
4811,24768.59
4813,21068.23
4818,25720.13
4823,23197.68
4827,18590.56
4830,22277.65
4831,20507.21
4832,20749.29
4833,22152.96
4840,27648.051381118883
4842,33934.4
4849,26342.86
4855,22030.99
4858,36193.01
4860,34335.25
4861,24855.48
4863,25130.48
4871,20070.82
4878,53674.22
4885,20896.19
4889,39059.15666666666
4890,17714.17
4891,19153.93
4910,21307.39
4916,26352.57
4918,48147.11
4922,20749.37
4923,21135.98
4927,41604.77
4929,22173.26
4943,26442.49
4944,18234.25
4946,17218.24
4955,23446.57
4957,20169.65
4959,23442.08
4969,22826.21
4972,29098.43416666667
4975,39337.73
4978,43725.19
4979,23437.4
4988,40122.47
4990,67732.74
4992,15726.81
5004,14992.59
5006,18721.78
5010,30355.04
5011,16659.95
5019,30654.73
5021,30923.86
5024,23723.76
5030,29240.88
5034,49829.6
5038,15519.67
5040,14314.38
5046,11599.64
5052,20120.95
5056,25420.3
5057,19913.03
5059,21892.46
5060,23882.54
5069,18752.57
5071,28624.48
5072,18710.57
5074,23429.29
5077,22971.33
5079,25754.188
5081,25793.21333333333
5085,44235.78
5087,25498.783333333336
5088,20241.31
5091,22492.86
5093,31668.67
5094,29064.921666666665
5095,24325.445
5098,13049.82
5101,21223.5
5105,12062.8
5110,12668.93
5115,35538.83
5120,25199.09
5121,17371.27
5138,43816.48
5145,31590.89
5148,20719.99
5158,23607.88
5159,30610.89
5161,33186.09
5162,32803.27
5165,35661.33
5168,34023.42
5171,27816.37666666667
5172,46610.03
5175,30858.66
5186,36932.40333333333
5187,30380.933333333334
5188,36794.44
5192,16666.45
5195,37906.2
5203,25280.45
5205,25642.97
5217,40417.49583333333
5223,13049.82
5225,13606.01
5230,30800.35
5249,30200.71
5251,34278.35
5256,26853.26
5263,27917.7
5268,22549.1
5269,44206.25
5271,24120.84
5274,25847.44
5276,22902.68
5277,32353.38
5278,30519.4
5279,32035.99
5280,24863.93
5286,22816.88
5294,26460.48
5295,27039.54
5311,107655.02
5314,34978.96
5315,19520.71
5320,14632.2
5325,29501.3
5331,30609.56
5346,51708.65
5348,28541.55
5349,27523.75333333333
5351,24732.49
5353,35303.31
5354,21267.2
5370,24022.59
5371,24853.49
5373,46465.53
5374,25539.36
5378,20203.96
5379,30934.92
5380,20351.04
5381,13083.923333333332
5383,26331.19
5384,14989.85
5391,15399.31
5394,24653.3
5396,20571.01
5400,26391.39
5403,30013.14
5404,19046.76
5405,45751.63
5406,23516.19
5407,29159.8
5409,34325.88
5410,25436.09
5412,20670.03
5413,23869.53
5416,48538.64
5418,15229.79
5419,22953.08
5423,18230.58
5427,18532.12
5428,17071.81
5432,19095.11
5439,21504.76
5445,16052.41
5452,38720.89
5454,23675.13
5456,14056.29
5463,52607.74
5479,39126.7
5480,42212.94
5490,25767.034
5498,28739.68
5501,25971.04
5507,15695.27
5516,28768.67
5530,22349.13
5535,39231.38
5536,27240.61
5538,34207.12
5541,27888.8
5545,18693.33
5548,20361.97
5560,30951.57
5561,19345.64
5564,22089.84
5565,31029.12
5566,19191.23
5572,22743.22
5574,23936.7
5575,21906.21
5578,10665.24
5579,19741.31
5580,17842.71
5582,33574.14
5587,35776.47
5588,18349.3
5595,22371.66
5598,22169.13
5599,25665.82
5602,22229.23
5605,10648.48
5610,13483.23
5611,14329.79
5617,18421.66
5624,33715.39
5626,23682.32433333333
5627,14280.7
5628,19937.98
5632,21382.22
5651,17720.72
5654,29135.36
5656,42414.77
5662,128025.0
5666,18146.47
5672,22632.38
5677,22710.72
5681,27568.410410422915
5685,27026.9
5694,25801.455523809524
5695,37974.3
5697,39717.22666666666
5698,52290.05
5700,16019.1
5703,30580.77
5706,30314.43
5711,46000.95
5713,23065.4
5716,19364.52
5719,18775.4
5724,23079.61
5726,21456.94
5731,20131.26
5737,27007.39
5740,17438.79
5741,28244.35
5742,21093.18
5750,18260.33
5751,24843.33
5754,19050.07
5777,49816.02
5778,37191.73
5782,27425.677142857145
5784,22828.96
5785,24125.893333333333
5788,30272.7
5791,16655.16
5805,19308.85
5807,15813.73
5813,17763.27
5826,36830.52
5827,40990.47
5828,54636.29
5839,24909.55
5841,23825.23666666667
5842,34748.82
5843,40181.44
5848,29109.3
5858,20581.06
5865,25733.173333333336
5866,25399.97
5867,24941.98
5870,34775.25166666666
5872,19854.77
5875,21246.63
5886,22997.86
5893,42291.46
5895,17131.43
5908,24318.175
5909,16232.85
5915,27603.62
5917,15335.68
5920,27925.85
5922,28247.08
5925,22163.84
5927,13623.87
5934,18745.94
5935,28707.4
5936,11541.63
5940,20667.98
5941,34446.88
5942,22073.61
5951,25368.95373809524
5956,44440.32
5957,34686.78
5958,22491.11
5963,43101.22
5964,37962.32
5967,25336.88
5968,21000.59
5970,20752.84
5972,26412.14
5973,19003.32
5979,18626.51
5983,15697.98
5984,21328.02
5986,45382.78
5999,28594.88
6006,18840.2
6010,47825.43
6019,14251.35
6028,35788.08
6030,32849.49
6031,44885.68
6035,32203.59
6038,46077.04
6041,26429.92
6044,15823.38
6045,19028.68
6046,19232.02
6050,32531.8
6051,22534.77
6059,14789.483333333335
6060,13211.796666666667
6065,27446.79
6067,44095.81
6068,37298.94
6076,21503.39
6078,18628.12
6079,19403.71
6081,32205.72
6085,19819.48
6094,31953.99
6100,25787.08
6101,26472.09
6108,25913.72
6110,21701.49
6119,50055.57
6121,30275.62
6125,26549.22
6145,24685.3
6151,26063.01
6156,36237.22
6162,24664.37
6163,43876.58
6165,25486.08
6168,22844.13
6171,25087.19
6172,22798.7
6173,17837.69
6176,35899.52
6177,58381.45
6178,18469.54
6179,58898.31
6186,63637.50666666666
6188,38965.46
6190,20524.1
6191,15467.38
6196,64297.99666666667
6198,32649.93
6199,134821.27
6210,119713.59
6212,25388.624375619904
6216,15333.25
6221,37163.71
6223,94506.98
6226,28349.05
6231,21921.76
6232,21494.23
6234,15468.16
6236,31837.95
6245,43731.08
6250,13999.01
6263,30411.454761904766
6264,34242.36
6269,21132.0
6272,19046.34
6274,49074.77
6285,33031.37
6286,29529.17
6288,29059.82
6290,28205.396666666664
6298,47515.03
6299,48088.21
6302,69621.03
6308,12291.01
6310,35531.14
6311,29922.95
6317,22631.13
6328,32529.13
6329,21477.75
6334,29815.43
6342,52004.29
6350,46170.57
6353,32512.61
6356,27619.35
6357,31309.897045454545
6358,37415.76
6361,19243.31
6362,13560.25
6364,19181.39
6373,44016.99
6376,19874.6
6379,27091.93
6383,26664.98
6387,16080.06
6388,15735.19
6389,18674.91
6392,16165.88
6393,27380.18
6401,30219.63
6403,26290.01
6404,30270.78
6407,42431.51
6415,18014.38
6418,27569.59
6421,22673.21
6422,19449.37
6423,21485.7
6427,34494.76
6429,44755.48
6437,33273.38
6440,26562.65
6448,18443.36
6449,29299.53
6451,25402.33
6455,44480.51
6459,17507.36
6460,14602.18
6461,29443.58
6471,25072.04
6472,23475.39
6478,54812.22
6488,43387.68
6489,19694.17
6493,16480.28
6497,17960.85
6502,32320.52
6507,30629.63
6509,60896.87666666667
6515,14713.56
6517,24168.56
6521,18603.16
6524,25669.29
6532,17350.82
6533,12666.85
6535,18815.58
6538,28634.72333333333
6539,28885.98
6541,30761.87
6542,24106.1
6543,18628.12
6548,26498.41
6550,24734.245
6561,19803.81
6563,29095.57
6564,21382.5
6578,57149.68
6581,30576.14
6585,28822.69
6589,46510.22
6594,30173.67
6601,30092.52
6602,37952.69
6604,29035.21
6606,14972.89
6615,43305.0
6621,31834.55
6622,26879.61
6629,25713.22
6632,24721.15
6642,22850.12
6644,35163.76
6645,30388.77
6648,18036.16
6649,25269.72
6652,27813.23
6655,16042.22
6659,37173.82
6660,27568.410410422915
6664,27568.410410422915
6674,23981.8
6676,26001.07
6677,26001.07
6684,18348.44
6687,22594.16
6689,29889.15
6694,25272.509041847035
6703,32552.25
6713,20827.96
6716,38593.53
6719,17415.98
6724,17223.41
6727,19432.68
6728,22307.62
6734,16626.6
6735,13123.09
6738,18407.05
6743,16478.23
6745,31619.8
6747,23186.17
6750,27085.92
6752,27269.46
6762,19756.6
6768,24990.51
6769,36367.92
6771,22374.23666666667
6774,26328.62
6784,19603.41
6786,25794.19
6787,21635.18
6791,30583.05
6792,22481.6
6797,43659.69
6810,20615.16
6814,25956.99
6820,33106.24
6825,18243.64
6831,18551.51
6832,31019.41
6833,16705.17
6841,37176.3
6842,20584.36
6848,29594.02
6851,24889.49
6853,29053.63
6854,30078.42
6861,22242.73
6862,24072.89
6864,37275.37
6867,32120.03
6870,19617.78
6871,25074.49
6879,21986.7
6883,24553.69
6884,19563.04
6897,26879.36
6898,24905.0
6903,22979.99
6904,32036.12
6918,27263.87
6923,26292.52
6924,36454.88
6929,22071.03
6932,29745.36
6939,44580.75
6942,30933.55
6949,24681.02
6953,33505.21
6959,24111.58
6961,19271.25
6962,21241.74
6963,28759.7
6966,26632.42
6972,34395.93
6975,24868.477619047622
6976,26358.09
6979,27165.23
6981,27295.04904761905
6983,29083.26
6989,18673.07
6991,22986.55
6994,9655.37
6997,23698.37
7000,46509.95
7006,40276.02
7009,28788.366666666665
7013,29045.49
7015,23439.43
7016,25475.96
7019,20331.48
7027,43447.83
7029,43306.33
7031,25445.16
7033,28998.1175
7035,24905.0
7038,21329.68
7041,29388.88
7045,36306.31
7047,51781.36
7054,60196.02
7055,17430.27
7058,20111.09
7061,25132.91
7062,32118.67
7063,23945.96
7066,31134.35
7071,31825.49
7073,26315.01
7074,33779.21
7078,20069.36
7085,26123.55
7086,23107.82
7089,21253.94
7090,32521.3
7097,30770.18
7100,33305.2
7108,38280.87
7111,24210.88
7125,33316.64
7127,54392.92
7131,24518.44
7133,31473.512
7139,26437.45
7145,26411.94
7165,26069.04
7174,47557.06
7177,26372.23
7179,23607.88
7183,19617.06
7184,32524.32
7186,24158.84
7190,21155.74
7193,23328.52
7194,19911.9
7195,22175.6
7196,25896.73
7197,24795.39
7199,28131.22
7201,41681.51
7203,22107.63
7206,24655.65
7207,16404.31
7208,20625.21
7213,24996.79
7215,21239.97
7218,13810.71
7221,17408.56
7225,19314.96
7227,25433.76
7229,23094.86
7230,25563.57
7235,22431.57
7236,22635.885
7237,24032.92
7238,32736.7
7241,44986.02
7244,25852.089531240697
7249,22468.27
7253,24701.06666666667
7255,34536.28952380952
7257,53459.41
7261,29219.5938095238
7263,33698.56
7264,34506.02
7277,28885.98
7279,21555.33
7280,25926.18
7282,24362.466666666664
7283,29037.688253968252
7286,26395.24
7295,30000.34
7297,19184.48
7302,21930.54
7309,38100.59
7325,61816.95333333333
7329,23357.99
7333,30555.88
7334,28240.67
7335,27578.24
7337,31613.51
7341,40018.52214285714
7343,24940.00708333333
7355,21000.59
7358,45403.38
7360,26126.5
7363,50992.16
7365,35825.91
7368,24396.95
7375,23081.04
7382,25852.089531240697
7389,19882.13
7393,20649.9
7394,40927.31
7399,23333.18
7402,26295.64
7406,29869.67
7407,45692.74
7410,28927.81
7411,25486.43
7418,21399.72
7424,23386.71
7428,51525.48
7430,30164.35
7431,30935.17
7444,35825.91
7447,16298.08
7448,15252.33
7453,22965.48
7456,21514.53
7461,16393.02
7463,31990.46289765791
7468,37952.69
7470,62941.43
7476,30514.18
7481,38246.93
7483,49722.05
7486,22724.39
7493,49697.21
7496,21400.82
7498,27754.18
7500,16801.89
7514,31180.48
7519,29638.77
7521,27478.53
7523,26106.92
7528,25620.1
7544,17974.43
7545,39488.98
7551,32773.21
7553,23551.63
7558,20369.3
7559,19441.03
7560,19457.06
7566,25419.84
7570,17277.88
7573,15613.01
7574,26065.53
7581,25816.11
7585,26619.99
7586,13623.02
7594,26248.71
7595,46897.01
7605,18444.9
7607,24907.435
7610,13228.49
7613,20058.83
7614,29587.7
7618,24913.463333333333
7620,26589.87
7621,38415.15
7628,20188.8
7631,23794.1
7633,32800.9
7642,51240.29
7643,21131.34
7644,16057.65
7650,25445.16
7656,30883.34
7661,24847.896666666664
7665,19917.16
7672,31484.16
7675,25852.089531240697
7676,25852.089531240697
7678,21645.2
7680,20873.44
7693,24426.99
7695,32224.14
7698,27970.98
7710,23366.23
7711,30049.35333333333
7712,31826.12
7713,23261.91
7717,48759.89
7723,15640.63
7725,34221.25
7728,43327.25
7729,29272.56
7730,36112.77
7731,64164.07666666667
7738,19936.47
7740,42281.48
7741,30256.75
7743,20364.16
7744,21087.2
7748,18826.05
7751,22053.99
7753,20904.15
7758,29014.97
7761,23723.04
7762,26357.65
7764,50359.8
7772,33594.3
7785,41364.37
7788,21034.18
7790,24835.7
7791,22420.02
7792,24250.98
7794,25632.68
7795,27895.37
7796,25272.509041847035
7797,36701.00666666667
7798,21000.91
7799,16069.1
7802,28235.35
7804,16221.59
7807,44801.6
7809,13492.44
7813,23185.9
7817,25852.089531240697
7818,56121.03
7820,26814.13885714286
7823,25464.16
7826,20264.81
7830,51550.51
7836,43211.64
7845,22569.03
7846,27695.76
7848,25744.68
7850,54157.24
7859,53792.54
7862,17413.42
7871,26142.95
7875,46916.92
7880,24999.0
7881,24999.0
7884,24999.0
7888,25351.17
7891,25997.63
7896,23068.55
7897,17311.11
7901,16505.31
7904,18614.36
7906,28820.28
7907,39953.69
7913,19350.92
7919,55807.18
7924,15077.01
7926,35840.37
7932,20878.78
7937,30714.04
7946,39340.49
7947,49307.7
7953,18274.65
7955,25886.08
7960,19494.56
7961,32548.92
7963,28271.38
7975,26412.31
7978,34694.73
7982,39093.2
7984,46929.99
7987,19926.05
7988,19891.74
8000,30971.21
8002,38612.87
8004,24126.99
8006,24169.64
8007,17123.01
8010,44291.93
8012,32248.95
8013,59155.28
8014,27323.88
8016,52265.73
8018,29267.36
8019,22906.96
8020,23420.56
8021,25757.87
8023,25440.47
8025,63676.50333333333
8031,44206.25
8036,26493.766666666666
8043,20469.39
8049,25123.92
8055,23117.81
8061,24200.054047619047
8062,31201.96
8064,36296.75
8066,23085.04
8068,38944.13
8084,23215.15
8086,47102.39
8088,27868.88
8090,21056.82
8093,15031.15
8099,20454.7
8112,30395.633333333335
8115,29212.985
8116,24043.16
8118,19271.25
8121,26830.39
8124,24379.44
8125,26536.8
8128,22138.69
8131,28778.91
8135,17685.98
8142,35495.525
8144,44757.46
8147,18121.48
8151,60196.02
8152,24967.11
8159,31949.2
8166,22455.86
8182,24518.44
8184,31267.51
8185,29207.77
8186,29280.32
8187,25004.63
8188,68211.87
8192,24755.59
8194,21708.84
8200,20058.83
8202,23758.801269841264
8206,24715.01
8216,19867.65
8223,43001.96
8230,28456.28
8235,31590.36
8238,58915.04
8240,27425.677142857145
8241,25332.7
8252,47958.41
8255,27978.9175
8258,38593.53
8262,20788.43
8263,22204.83
8265,21489.24
8277,23753.19
8279,29849.7
8287,24200.57
8289,22979.99
8298,36534.28
8304,23019.61
8306,19193.84
8309,26457.73
8310,19235.68
8313,29558.26
8321,36119.9
8323,26015.59
8327,16764.61
8332,26502.7
8334,29309.555
8335,33724.79
8336,25348.35
8337,25440.39
8342,30400.97
8343,32531.11
8345,27214.49
8348,17535.91
8354,20788.43
8360,40194.36
8362,31161.23
8368,34990.91
8376,23738.96
8377,44768.2
8390,50043.52
8394,28147.1
8401,32109.25
8403,27978.78
8404,38822.75
8405,32216.51
8407,23145.61
8415,13015.1
8418,22475.255
8432,22457.88
8437,21299.67
8441,38313.1
8444,20201.21
8445,32439.08
8449,33510.88452380953
8455,29629.93
8461,13933.28
8466,21962.45
8478,10976.51
8485,31314.95
8488,49258.55
8490,22420.5
8492,26540.6
8495,43753.75
8501,18806.37
8511,24094.7446031746
8518,34331.96
8519,31316.051428571427
8525,21136.26
8526,20938.06
8531,21398.41
8533,24363.58
8538,28909.71
8542,16234.22
8544,25565.69
8549,24467.99
8557,28745.48
8563,19891.3
8565,41128.63
8566,24996.79
8567,22566.03
8569,63831.07666666667
8570,28634.72333333333
8576,24018.17
8579,22612.65
8580,49274.9
8582,20213.83
8583,19923.91
8593,37757.12
8596,32325.36
8597,36902.683333333334
8598,23758.801269841264
8600,57110.69
8601,19075.24
8602,20459.17
8603,24640.7
8604,22888.66
8606,26704.77
8607,25970.81
8609,28230.82
8611,50366.33
8615,21388.81
8616,23336.64
8633,17345.15
8638,31828.71
8642,25589.07560750396
8643,25852.089531240697
8644,39687.986666666664
8646,25013.58
8650,46510.22
8651,30497.08
8657,26231.0375
8658,20645.4
8661,17835.13
8667,32302.16
8671,90122.69
8675,20282.91
8677,22129.27
8680,23978.59
8683,27691.49
8689,28715.5
8694,39068.66
8700,25462.58214285714
8702,48562.13
8704,18744.67
8706,27497.74
8721,24493.706000000002
8722,31181.93
8725,32431.72
8727,22724.39
8731,19938.43
8734,20116.82
8739,24251.59
8742,28873.53
8756,15448.71
8757,32608.53
8759,31071.16
8762,25852.089531240697
8768,41117.78
8776,26056.08
8786,32769.21
8787,25139.8
8795,25395.69
8796,28749.45
8798,22357.0
8804,14968.36
8807,19727.66
8809,21540.73
8810,20408.84
8813,28715.14
8817,39488.98
8818,24591.33
8820,23262.57
8821,135070.82
8827,25273.47
8829,29388.476666666666
8839,39687.986666666664
8841,71810.62
8843,24935.63
8844,28409.72
8847,24335.765428571427
8848,25272.509041847035
8857,24905.43
8864,21951.272999999997
8865,17334.55
8868,31382.47
8869,58915.04
8874,58915.04
8875,23821.14
8889,20397.86
8890,18079.63
8896,19673.09
8898,26716.52
8905,24070.13
8907,35673.89
8920,20848.29
8924,15423.5
8926,17792.86
8930,31077.32
8932,43239.24
8933,25383.41333333333
8938,33106.24
8939,44886.68
8942,18243.64
8946,24456.42
8956,28469.45
8958,21060.32
8966,24795.78
8968,31461.88
8972,20821.85
8990,25911.04
8993,44702.16
8995,29157.81
8998,21547.0
9001,25359.76
9002,17449.18
9003,21947.73
9004,21306.07
9011,30720.31
9016,33796.04
9020,23784.16
9022,22881.98
9025,22700.1
9027,25515.483333333334
9029,25627.513333333336
9030,24485.48
9033,16278.38
9036,27868.88
9041,17632.73
9054,23932.17
9056,23745.26
9057,33510.88452380953
9065,24074.42
9071,20513.2
9076,29012.45416666667
9078,54762.37
9079,25081.655
9082,21652.58
9089,28384.15
9095,20094.1
9096,24994.4
9099,23053.82
9100,22087.62333333333
9107,19686.69
9108,25984.42
9114,24999.0
9115,27575.43
9116,25040.78
9120,20559.63
9131,44063.47
9134,24581.17690476191
9140,23131.9
9148,46215.41
9154,20233.58
9156,25616.5
9158,40190.6
9159,129971.46
9161,28667.491587301585
9162,28177.45
9166,23445.53
9169,36838.62
9170,30592.77
9172,23567.65
9181,15713.18
9183,19687.43
9192,26366.0275
9199,56930.98
9210,18488.11
9214,35756.29
9219,24198.59
9221,19866.39
9238,16788.87
9239,18872.85
9246,22790.71
9254,31619.8
9258,40462.45
9259,19819.86
9268,28417.58
9275,64830.41
9276,49025.28
9277,40464.085
9278,81418.63
9287,32177.99
9289,26923.8
9301,23009.38
9303,32355.57
9307,37952.69
9308,25852.089531240697
9316,25852.089531240697
9319,22826.12
9322,46299.28
9329,19793.65
9334,18451.42
9338,18524.14
9340,25852.089531240697
9341,43025.97
9344,33063.86
9346,21114.55
9349,39492.45
9353,18059.47
9360,25310.016
9362,27755.2775
9367,31771.71
9373,15167.72
9376,22910.43
9378,23344.2
9383,23181.89
9385,23608.08
9388,21841.67
9393,25657.16
9394,31592.97
9396,30321.743333333336
9401,18659.57
9403,23758.801269841264
9412,18909.34
9426,23249.51
9437,25852.089531240697
9443,23631.32
9449,30651.18
9451,26335.3
9452,26630.72
9455,26309.45
9457,37182.88
9459,34793.16
9461,15470.75
9462,54674.14
9466,18874.27
9467,16077.29
9470,28136.5
9471,26107.14
9475,30105.49
9476,25687.14
9484,4448.5
9487,10883.35
9494,15711.74
9495,9963.69
9504,28137.81
9507,14668.81
9511,8854.97
9512,10474.45
9516,15123.02
9529,36132.8
9537,15231.6
9538,11302.11
9542,32732.13
9552,30481.963333333333
9554,18448.04
9558,20352.04
9563,22046.13
9570,13062.01
9574,16783.95
9575,11080.72
9580,13975.21
9582,14665.88
9585,64273.41
9589,42482.2
9599,10070.47
9600,9974.17
9603,12866.84
9610,15386.39
9615,17739.28
9620,14082.19
9621,19213.26
9632,26971.27
9635,18151.78
9641,15101.56
9642,12757.59
9644,17845.28
9647,13697.24
9652,18036.6
9653,12809.86
9654,16906.19
9656,13823.93
9657,10708.78
9659,12960.94
9665,15338.22
9666,13980.46
9672,19107.34
9673,12007.62
9676,14621.85
9677,16227.59
9678,15082.38
9697,23572.37
9701,9207.65
9702,20607.17
9703,14928.21
9708,15796.95
9714,14329.76
9719,21323.63
9731,13386.57
9733,11857.82
9735,14959.62
9749,14874.15
9759,16660.14
9761,20100.82
9764,16015.05
9766,15043.36
9767,29973.02
9773,14956.11
9775,13370.04
9781,19680.11
9786,19010.31
9787,17051.97
9789,13669.35
9790,19802.08
9794,14573.59
9801,8222.27
9803,21295.45
9808,14875.03
9811,18097.09
9814,14390.99
9819,11755.33
9823,14532.87
9824,15458.17
9825,10402.92
9828,15997.72
9830,21228.53
9831,15778.11
9832,12773.62
9835,15373.65
9837,18247.18
9839,14293.14
9846,13554.28
9850,18426.72
9853,15554.96
9857,18065.13
9859,12426.56
9860,11414.46
9862,26692.92
9863,26117.84
9881,20363.98
9887,14929.45
9892,14073.65
9893,11522.71
9897,14108.64
9898,19522.04
9904,14176.85
9908,20383.17
9920,20358.31
9922,22303.22
9930,22624.16
9936,11161.15
9942,13972.096666666668
9947,13472.56
9948,12426.56
9949,19703.59
9953,19458.18
9954,18372.67
9980,17988.31
9987,11005.79
9991,13418.31
9992,18037.34
9996,13472.04
9997,11290.956666666667
9998,18289.99
10001,23086.16
10005,14520.06
10012,15056.73
10016,23476.66
10022,10369.26
10027,11148.55
10029,16607.65
10030,15980.81
10034,8956.88
10041,19140.34
10052,25031.860895100068
10053,45701.4
10058,21541.95
10060,34284.43
10061,31353.85
10063,27514.81
10066,25331.09
10070,65262.59
10071,17181.35
10072,22309.71
10075,19972.91
10081,27188.24
10082,12128.0
10086,13088.19
10090,9385.9
10094,44264.4
10096,25684.8
10097,18359.4
10100,30846.121428571427
10102,24882.19
10103,27466.91
10104,38172.07
10116,21426.12
10119,22110.25
10128,12354.75
10136,12787.84
10140,20443.49
10144,19372.42
10146,21924.92
10155,15124.03
10162,15980.94
10164,10159.26
10166,10343.04
10167,10663.14
10173,19958.07
10176,11825.7
10177,10253.71
10186,12851.18
10193,10475.51
10194,11297.79
10195,11579.24
10201,10863.82
10207,16773.1
10211,18309.74
10213,11406.7
10214,16361.51
10221,17373.42
10225,14609.62
10226,13522.21
10233,18478.47
10234,16296.89
10242,10596.21
10244,22385.04
10247,15808.43
10249,4489.1
10253,5819.29
10255,30975.11
10261,21814.15
10264,19073.22
10269,16683.64
10273,16569.23
10274,25925.05
10286,20244.63
10295,17551.51
10298,56260.62
10300,16962.91
10306,9357.84
10314,14096.66
10316,11019.74
10317,11566.66
10319,10955.11
10323,16334.6
10330,18170.65
10333,14689.66
10335,15460.8
10336,18545.77
10337,15867.4
10339,11865.68
10341,13194.25
10343,15495.41
10344,19891.66
10345,15910.06
10365,22868.21
10367,22219.05
10379,15688.27
10381,19769.89
10383,27258.703798413488
10386,18875.65
10387,19206.48
10391,45164.135
10392,31653.741428571426
10394,24534.4
10397,14236.49
10399,49591.63
10400,38367.25
10402,29385.84
10403,24646.301428571423
10404,27656.55666666667
10410,22613.11
10412,30885.76
10413,17422.12
10416,14860.25
10422,21075.9
10423,13831.03
10427,18121.87
10431,28862.54
10437,25893.36
10440,28838.31
10449,15831.49
10453,18208.84
10459,18841.07
10460,17996.41
10461,18441.35
10464,5142.13
10469,25364.53
10470,19298.29
10471,16237.52
10475,11176.67
10494,19764.39
10498,10127.28
10501,9420.52
10502,12824.68
10504,11954.32
10506,13589.4
10513,10704.2
10527,17472.12
10530,26558.79
10531,44501.49
10534,28575.5
10540,30625.38
10542,53260.66
10545,15067.02
10549,15634.25
10559,29913.96
10562,20234.65
10565,16827.0
10568,24568.92666666667
10572,24133.0
10578,14101.81
10579,20492.79
10583,20292.43
10585,22170.27
10587,21721.49
10592,19270.78
10593,61906.37666666666
10597,45248.1
10605,8366.32
10609,16550.16
10611,16363.82
10612,41309.25
10614,40610.98
10615,19953.92
10624,20274.09
10627,19959.95
10630,13199.64
10638,26950.46
10639,16921.79
10646,13926.83
10647,16771.79
10654,17578.71
10656,15975.55
10657,17525.3
10661,13668.39
10669,12650.82
10674,17253.41
10675,17002.11
10676,18020.08
10677,15162.39
10678,13877.32
10679,15418.21
10684,12038.47
10685,14809.59
10702,16895.63
10704,17200.9
10711,19524.02
10712,15146.75
10714,18010.92
10716,18862.18
10723,18233.48
10725,11646.76
10732,18465.34
10733,14500.52
10738,21043.05
10739,15768.41
10740,11179.08
10744,10940.34
10746,21207.62
10747,11830.92
10754,15435.72
10756,15831.13
10758,18539.39
10760,17677.76
10761,17909.7
10763,15485.81
10765,28276.49
10766,30139.0
10777,30585.896666666664
10779,22835.53
10782,19717.1
10790,11615.7
10799,26263.34
10808,41461.02
10820,28689.88
10825,20132.31
10835,17871.56
10838,18111.98
10840,25709.99
10841,25556.43
10852,13257.4
10856,12199.01
10861,12154.53
10863,15102.56
10866,21156.41
10868,24384.93
10873,43038.0
10882,18384.14
10885,15981.12
10896,9444.3
10902,12032.49
10906,19642.78
10908,16985.28
10910,14126.21
10916,13435.74
10921,15604.85
10922,15885.63
10924,20902.17
10929,10599.739333333333
10936,19573.68
10939,22229.04
10940,17569.11
10941,14057.87
10950,13970.14
10955,18138.7
10957,18254.22
10959,18664.04
10962,16231.42
10964,17032.6
10965,20752.16
10972,19417.08
10975,19045.46
10980,21714.27
10982,16576.52
10983,9494.37
10984,13257.06
10985,18293.61
10987,14063.45
10989,14330.52
10990,6532.94
10991,16939.07
10994,14836.46
10997,17711.13
10998,11807.74
11002,19180.49
11006,17839.41
11009,10838.31
11015,19895.94
11018,22262.81
11022,18334.14
11024,14330.81
11027,16289.88
11029,20594.39
11032,19257.54
11036,16413.22
11037,16644.77
11040,16866.77
11048,18773.97
11054,19751.26
11057,15738.48
11063,14781.75
11064,27364.77
11067,29545.65
11072,14729.79
11074,12614.38
11083,19150.09
11084,16090.15
11087,14665.68
11090,17439.74
11096,34967.94
11105,21784.69
11107,13574.04
11110,10218.89
11115,10680.57
11116,14216.86
11121,12961.69
11122,12662.5
11131,10787.4
11132,10411.37
11147,14782.99
11148,13878.86
11149,14339.07
11150,10161.61
11156,17407.74
11158,13865.25
11161,11502.16
11168,14595.35
11171,5746.94
11172,10548.44
11180,18379.76
11191,12169.1
11192,14985.65
11197,11733.27
11200,16336.21
11203,11208.3
11205,13417.89
11210,10626.57
11216,14846.89
11220,9797.19
11221,16544.09
11228,16169.58
11230,10442.22
11237,6829.81
11238,15835.93
11242,11478.17
11244,29963.83
11248,11806.98
11250,20484.66
11254,18707.04
11255,19712.24
11257,12506.12
11258,23807.19
11263,4276.84
11274,11904.5
11278,13019.42
11280,21179.27
11281,25596.41
11294,18466.31
11296,17746.07
11300,13833.75
11301,13359.87
11317,16078.8
11323,12454.73
11324,14846.75
11327,15776.12
11328,19489.4
11337,14334.82
11338,14226.46
11342,16173.07
11348,7484.49
11352,16317.27
11353,11295.016666666668
11360,27367.82
11361,19742.58
11366,16772.76
11367,17468.39
11369,14704.47
11374,14579.28
11379,9999.52
11380,4932.31
11397,11714.96
11400,20636.92
11401,11677.32
11404,8770.95
11409,19095.89
11413,4613.45
11415,14854.95
11425,17549.02
11426,17065.72
11428,11873.53
11430,6502.4
11435,18623.4
11437,19176.54
11438,11411.92
11441,13665.85
11442,13035.22
11444,11711.66
11453,18247.18
11454,16162.9
11462,26533.19
11472,10437.84
11476,13324.33
11480,16382.98
11484,10530.97
11485,16277.87
11490,9797.19
11494,8981.79
11495,27083.7
11508,16030.93
11513,19809.3
11517,16747.74
11521,21968.36
11524,4118.23
11525,5018.7
11528,28294.97
11530,28725.21
11534,16133.3
11537,19413.73
11542,14221.166666666668
11548,40027.23
11555,13802.62
11556,16526.96
11558,10492.01
11560,13396.31
11563,11801.47
11566,12768.52
11569,12556.47
11570,11387.16
11572,14064.26
11582,16050.87
11586,13066.73
11587,10084.58
11589,14863.05
11593,11697.73
11595,5127.15
11602,6491.18
11604,35093.92
11610,10513.2
11613,16716.41
11616,10896.14
11617,13880.45
11620,10163.99
11625,19054.98
11628,14741.73
11631,19432.32
11634,29429.97
11639,21463.54
11641,39793.6
11645,15086.68
11646,13503.99
11650,16833.95
11658,28092.5
11659,37294.94
11662,19158.68
11663,29703.24
11667,15467.97
11669,30645.99
11671,16941.27
11673,38364.51
11681,21071.11
11686,17988.45
11689,28165.43
11705,58762.67
11712,30276.73
11713,28402.886666666665
11718,27123.26
11719,21094.89
11726,23172.29
11730,19935.57
11731,39036.26
11732,45394.27
11735,19810.05
11736,19334.18
11742,18247.18
11748,12378.28
11749,24800.78
11753,29149.25
11754,18988.2
11757,33053.88
11758,25426.36
11764,3536.8
11766,5866.54
11771,4639.05
11775,11588.41
11784,23847.86
11788,34533.83
11791,2979.64
11794,14267.26
11799,30375.89666666667
11806,31178.86
11807,4213.37
11815,12046.36
11819,17480.73
11822,8367.82
11825,9814.81
11826,13325.878333333334
11837,35870.66
11840,33369.62
11846,31138.3
11850,33905.86
11858,2916.2
11866,29556.76
11886,37110.06
11897,18905.51
11915,21611.82
11916,35554.81
11918,18804.12
11926,24286.12
11934,11157.74
11936,39494.93
11937,22119.96
11946,28031.160000000003
11949,18555.11
11952,27731.15
11956,17027.71
11959,24234.36
11960,18992.28
11961,14388.94
11962,25589.99
11967,19868.25
11970,22038.3
11972,15420.9
11973,13969.14
11974,15888.45
11975,21418.0
11977,16216.91
11982,16096.73
11987,20663.65
11988,26247.37
11992,19643.11
11994,9873.58
11995,22180.64
11997,23765.32
11999,10070.9
12003,29337.6
12005,23838.18
12008,5669.19
12009,4350.86
12010,23090.62
12016,18220.3
12018,4416.64
12022,23963.46
12039,24570.56
12042,27768.765
12045,15849.17
12047,20789.87
12049,27068.47
12051,20839.61
12056,19733.29
12064,19421.93
12065,20255.05
12070,12944.28
12078,12918.06
12085,20041.05
12089,17262.7
12093,18258.19
12094,14604.36
12104,22350.34
12105,17691.15
12106,22175.44
12107,18919.05
12109,19373.84
12122,19079.74
12125,20396.82
12126,16244.17
12127,13207.24
12135,17423.15
12138,18427.58
12144,18178.56
12145,17160.89
12147,18495.37
12150,18250.07
12151,16021.89
12157,15395.55
12159,27562.85
12163,10321.276500000002
12164,23786.33
12172,20457.02
12176,15155.94
12178,28642.17
12181,23988.32
12187,17712.61
12188,16555.91
12192,22623.43
12195,16554.48
12196,13057.02
12197,14587.29
12206,14721.19
12214,14524.12
12219,12186.14
12221,21703.85
12225,15999.71
12227,17855.52
12233,15193.26
12234,15128.98
12235,17075.51
12236,12008.33
12237,19828.53
12242,17007.96
12243,19446.98
12248,16877.11
12249,15740.11
12250,20918.48
12251,17466.28
12252,13678.68
12257,15079.66
12259,20759.54
12261,20340.2
12263,19547.503333333334
12264,29263.340760905765
12265,29032.08
12267,13991.76
12268,16561.51
12269,18862.46
12273,19588.37
12287,25879.72
12293,18396.9
12296,17474.38
12297,19058.94
12303,18186.84
12306,17430.49
12312,18834.7
12313,18297.69
12316,20840.43
12323,20966.45
12326,16391.39
12332,16979.09
12341,16392.16
12345,20947.86
12349,19022.25
12351,19938.09
12358,20465.96
12364,17509.78
12365,20360.66
12373,19910.95
12374,17829.67
12380,13462.48
12393,13111.68
12397,15838.16
12398,16398.32
12404,16650.15
12405,15464.98
12407,19964.11
12409,17095.72
12410,16539.93
12413,14496.8
12415,18230.71
12418,19802.71
12422,17056.57
12425,15924.46
12428,15433.47
12436,16659.82
12440,12510.2
12453,15483.7
12456,9751.43
12457,12820.7
12458,22243.49
12460,19966.73
12462,19075.24
12467,20208.34
12470,13330.31
12472,14408.45
12479,19487.32
12481,16888.79
12486,18422.34
12503,13115.84
12506,11940.66
12508,12493.67
12509,12462.76
12510,13403.56
12516,13196.03
12520,15732.57
12524,15717.28
12526,21435.43
12534,20317.39
12538,14343.69
12539,17857.55
12546,14580.4
12547,18847.97
12554,18735.64
12555,18837.89
12559,18890.18
12560,19684.07
12561,18428.45
12564,36572.39333333333
12565,18022.5
12567,13209.76
12578,13227.5
12581,15509.53
12586,22538.76
12587,15287.73
12589,15558.6
12598,26251.33
12600,27766.54
12601,21183.73
12602,21356.98
12604,20719.14
12611,18698.95
12612,27308.06
12621,14442.063333333332
12622,14275.72
12623,11986.58
12626,11987.51
12628,24612.81
12632,21919.38
12633,24850.67
12645,18162.78
12650,4887.63
12652,24795.996666666666
12657,19208.54
12668,28815.68
12670,22130.73
12672,21886.78
12676,21084.31
12679,16954.44
12684,17841.11
12686,29498.09
12701,39287.58
12705,43050.27
12706,17924.61
12712,34723.46
12716,27798.88
12721,23297.32
12723,33555.36
12729,23496.32
12733,26895.18
12740,24082.18
12741,56467.4
12743,13792.22
12744,11414.76
12751,11582.02
12758,14073.18
12764,28385.37
12767,5730.85
12768,13479.38
12769,16196.58
12774,29832.46
12775,28559.0
12778,29400.82
12783,14173.67
12790,17384.3
12800,26547.139999999996
12801,26965.16
12803,25703.13
12805,30637.9
12809,18522.81
12810,20101.7
12815,29729.75
12820,28705.706666666665
12821,20449.25
12830,19119.02
12832,26369.9
12833,26883.22
12834,16818.36
12840,18896.52
12849,30489.911666666667
12850,21797.96
12852,22645.6
12854,29243.69
12865,16724.4
12871,26849.61
12881,20558.74
12890,21442.28
12895,30911.42
12902,25897.01
12905,33982.47
12906,33829.58
12908,41557.74
12913,17007.29
12919,26109.95
12920,17487.23
12921,52444.53
12922,29586.84
12925,16112.69
12926,46502.84
12937,37572.63
12940,18915.0
12947,16150.62
12949,18323.52
12950,19788.18
12954,30487.46
12955,18026.03
12956,19409.04
12958,17117.54
12970,30462.56
12981,25721.04
12982,14845.93
12984,39123.19
12986,27512.36
12988,24771.70666666666
12993,20067.77
13004,16652.05
13007,14273.82
13008,13032.85
13010,17891.07
13013,19455.52
13014,14430.63
13022,15747.96
13032,28175.18714285714
13033,16014.01
13034,13240.23
13036,9421.61
13038,61979.74
13043,29873.28
13046,19490.93
13049,37562.88
13050,31947.0
13052,29258.23
13054,25960.61
13056,54414.79
13057,18288.87
13063,33719.11
13064,26313.89
13065,29370.18
13066,21751.42
13069,23943.815
13087,21437.03
13089,20052.44
13092,29323.05
13096,28121.89
13098,24555.28
13101,23985.73
13109,17011.85
13112,30200.71
